BREAD,CHEESE,COFFEE,EGG,MILK,TEA,BACON,CHOCOLATE,WATER
0,0,0,0,0,0,0,0,0
0,1,1,0,0,0,0,0,1
0,1,0,0,0,0,1,0,0
0,0,1,0,0,0,1,0,0
1,1,0,1,1,0,1,0,0
0,0,1,0,1,1,0,0,0
1,0,0,1,0,0,0,0,1
0,0,0,0,0,1,0,1,0
0,0,1,1,1,0,1,0,0
0,0,1,0,0,0,0,0,1
0,0,1,0,0,1,1,0,1
1,0,0,1,1,0,0,0,0
0,0,1,0,1,0,0,0,0
0,1,0,0,1,1,0,0,0
0,0,0,1,1,1,0,0,0
0,0,0,0,0,0,1,0,0
1,0,1,0,1,0,0,1,0
0,0,0,0,0,1,0,0,0
0,0,1,0,0,0,0,0,0
1,0,1,0,1,0,1,1,1
0,0,1,0,1,0,1,0,0
1,0,0,1,0,0,1,0,0
1,1,0,0,1,1,0,1,1
0,1,1,0,0,0,1,0,0
0,0,1,0,0,0,0,0,0
0,0,1,0,1,0,0,0,0
1,0,1,0,0,1,0,0,0
0,0,0,1,0,0,1,0,1
0,0,1,1,0,0,1,0,1
0,0,1,0,0,0,0,1,1
1,1,1,1,0,1,1,1,0
0,0,0,1,1,1,0,1,1
1,0,0,1,0,0,1,0,1
0,0,0,0,0,0,1,1,1
1,1,1,0,0,0,0,0,0
0,1,1,0,0,0,0,1,0
1,1,0,1,1,0,0,1,0
1,1,1,1,1,0,0,0,0
0,0,0,0,0,0,0,1,0
0,0,1,1,0,0,0,1,0
1,1,0,0,0,1,0,0,0
0,0,0,0,0,1,0,1,1
0,1,0,1,1,0,1,1,1
0,0,0,1,0,1,0,0,0
1,1,0,0,0,0,0,0,0
0,0,1,1,0,0,0,0,0
1,0,0,1,1,1,1,0,1
0,1,1,0,0,0,0,0,0
0,0,0,0,0,0,0,1,0
0,0,0,0,1,0,0,0,0
1,1,0,0,0,0,0,0,0
1,1,1,1,0,1,0,0,1
0,1,0,0,0,1,0,1,0
1,0,0,1,0,0,0,0,0
1,0,0,0,1,0,0,0,0
0,0,1,0,1,0,1,0,0
0,1,1,0,0,0,0,0,1
1,0,1,1,0,1,0,0,0
0,0,1,0,0,1,0,0,0
1,0,0,0,1,0,1,0,0
1,0,0,0,0,1,0,0,0
0,0,0,0,0,0,0,0,0
0,0,0,1,0,1,0,1,0
1,1,1,0,1,1,1,1,0
1,1,1,1,0,1,1,0,0
0,1,0,0,0,1,0,0,0
1,0,1,0,0,0,0,1,0
0,1,1,1,1,0,1,0,1
1,0,0,0,0,0,0,0,0
1,0,0,0,1,0,0,0,0
1,0,0,1,0,0,0,1,1
1,0,0,0,0,1,0,1,0
0,1,0,0,0,1,0,0,0
0,1,0,0,0,1,0,1,1
0,0,0,0,0,0,0,0,0
1,1,0,0,0,0,0,0,1
0,0,1,1,0,0,0,0,1
0,0,1,0,0,0,0,0,1
1,0,0,1,0,1,0,1,1
0,0,0,0,0,0,0,0,0
0,1,0,0,0,1,0,1,0
0,0,0,1,0,0,0,0,0
0,0,1,0,0,0,0,1,1
0,1,0,0,0,0,0,1,0
0,1,0,0,0,1,0,0,0
0,0,0,0,0,0,0,0,0
0,0,0,1,1,1,1,0,0
0,1,1,1,0,1,1,1,0
0,1,0,1,1,1,0,1,1
0,1,0,1,1,1,0,1,0
0,0,0,1,1,1,1,0,1
1,1,0,1,0,0,0,0,1
1,1,0,0,0,0,1,0,0
0,1,1,0,0,0,0,0,1
0,1,1,0,0,0,0,0,0
0,0,0,0,0,1,0,0,0
0,1,1,1,0,0,1,0,0
0,0,0,1,1,1,0,1,0
0,0,1,1,0,0,0,0,1
0,0,0,1,0,1,0,1,0
0,0,0,1,0,0,0,0,0
0,1,0,0,0,0,0,0,0
0,0,1,0,0,1,1,0,0
0,0,0,0,0,0,1,0,1
0,0,0,0,0,1,1,1,1
0,0,1,1,0,0,0,0,1
1,0,0,1,1,0,0,0,0
1,1,0,1,0,0,0,0,1
0,1,1,0,0,0,0,1,0
0,1,1,1,0,0,0,1,0
0,0,0,0,0,0,0,0,0
1,0,0,0,0,1,0,1,1
1,0,1,0,0,0,0,0,0
0,0,1,0,1,1,1,0,1
1,1,0,0,1,0,1,0,0
0,0,1,1,0,0,0,0,0
1,0,0,1,0,0,1,1,0
1,0,1,0,0,0,1,0,0
1,0,0,1,0,1,0,0,0
0,0,0,0,0,1,1,1,0
0,0,0,0,0,1,0,1,0
0,0,0,0,0,0,0,0,0
1,0,1,0,1,1,0,1,0
0,1,0,1,0,0,0,0,1
1,0,1,0,0,0,0,1,0
0,0,0,1,0,0,1,0,1
1,0,0,0,1,1,0,0,0
0,0,0,1,0,0,0,1,1
0,0,1,0,1,0,1,1,1
1,0,0,1,0,1,0,1,1
0,0,0,1,1,1,0,1,0
0,0,0,0,1,0,1,0,1
0,0,1,0,1,0,0,1,0
0,1,0,0,0,1,0,0,1
0,1,0,0,0,0,0,1,0
0,0,1,0,0,0,0,1,0
0,1,0,0,0,1,0,0,1
1,1,1,0,1,1,0,0,1
1,0,0,0,1,1,1,1,1
1,0,0,1,0,0,0,0,1
1,0,1,0,0,0,0,1,0
0,0,0,1,1,0,1,0,0
1,1,0,0,1,0,0,0,1
0,0,0,0,0,0,0,0,0
1,0,0,0,0,1,0,0,0
0,0,0,0,1,0,0,0,0
0,0,0,0,1,0,0,0,0
0,1,0,1,0,0,1,0,0
0,0,0,1,0,0,0,0,0
0,0,1,1,0,0,0,0,0
0,1,1,0,0,0,0,1,0
0,0,1,0,1,1,0,1,0
1,1,1,0,1,0,0,0,0
0,0,0,0,0,0,0,0,0
1,0,0,0,1,0,1,0,0
1,0,0,1,0,0,1,0,1
0,0,1,0,0,0,0,0,0
1,0,1,0,0,0,1,1,0
0,0,0,0,0,0,0,0,0
1,1,0,1,0,0,0,0,1
0,1,0,0,1,0,0,1,0
0,1,0,0,0,0,1,0,0
0,1,0,0,0,1,0,0,0
0,0,0,0,0,1,1,0,1
0,0,0,0,0,0,1,0,1
0,1,0,0,1,0,0,0,0
0,1,0,0,0,0,0,1,0
1,1,1,0,0,0,1,0,0
0,0,0,0,0,0,0,0,0
0,0,0,1,1,1,0,0,1
1,0,1,0,0,0,0,0,1
0,0,0,0,0,0,0,0,0
1,0,0,0,0,1,1,0,1
1,0,1,0,0,0,0,0,0
0,0,1,0,0,1,0,0,1
0,0,1,1,0,0,1,1,0
0,0,0,0,0,0,0,0,0
1,0,0,0,0,0,1,0,0
0,1,0,1,0,0,0,0,0
0,0,1,0,0,1,0,0,0
1,1,1,0,0,0,0,0,0
0,1,0,0,0,0,1,0,0
1,0,0,0,0,0,1,1,0
0,0,1,1,1,0,0,1,0
1,1,0,0,0,0,0,0,0
1,0,0,0,0,0,0,0,0
1,1,0,1,0,0,1,0,1
1,0,0,0,0,0,1,1,0
1,0,0,0,0,1,0,0,1
1,1,1,0,0,0,0,0,1
1,0,1,0,0,0,0,0,0
0,0,0,0,0,1,1,0,1
1,0,1,0,1,1,0,0,0
1,0,0,0,0,1,0,1,0
0,0,0,0,0,1,0,0,1
0,1,1,1,1,0,1,0,1
0,0,1,1,0,0,1,0,0
1,0,1,0,1,0,0,0,0
1,1,0,0,0,1,1,0,0
1,0,0,0,0,1,1,0,0
1,1,0,0,1,1,0,0,0
1,0,0,1,1,1,0,0,0
0,0,0,0,1,0,0,0,1
0,1,0,0,1,1,1,0,0
0,0,0,1,0,0,1,1,1
0,0,0,0,0,0,0,0,1
1,0,0,0,0,0,0,1,0
0,1,0,0,0,1,0,0,1
1,0,1,0,1,1,0,1,1
0,0,0,0,0,1,1,0,0
0,0,1,1,0,0,0,0,0
1,1,0,1,0,0,0,0,0
0,0,1,0,1,0,1,1,1
0,0,0,0,0,1,1,0,0
0,0,0,0,1,0,0,0,0
0,1,1,0,1,0,0,0,0
0,0,0,0,0,0,0,1,0
0,1,1,0,0,1,0,0,0
0,1,0,0,1,0,1,1,1
1,1,0,1,1,0,1,0,0
0,1,0,0,0,1,0,1,0
0,0,0,0,1,0,1,0,1
0,0,0,1,0,1,1,1,0
1,0,0,0,0,0,1,0,0
0,1,1,0,1,1,1,1,0
0,1,0,0,0,0,1,0,0
0,0,0,1,0,1,1,0,1
1,0,0,0,0,0,1,0,1
0,0,1,0,1,1,0,1,0
0,1,0,0,0,1,0,0,1
0,1,0,0,1,1,1,1,0
0,0,0,0,1,0,0,1,0
0,1,1,0,0,1,1,0,1
0,1,1,0,0,1,0,0,0
0,0,0,1,0,1,0,0,0
1,1,0,0,0,0,1,0,0
0,0,0,0,0,0,0,0,0
0,0,0,0,1,0,0,1,0
0,0,1,0,0,0,1,0,0
0,0,0,1,0,0,1,0,1
0,1,1,0,0,1,0,0,0
0,1,0,0,1,0,1,1,1
0,0,0,0,1,0,0,0,1
0,0,0,1,1,0,0,0,0
0,0,1,0,1,0,0,0,0
0,0,0,0,0,1,0,1,1
1,1,0,1,1,1,0,0,1
0,0,0,1,0,0,0,1,0
0,0,0,0,0,0,0,0,0
0,1,0,1,0,0,0,0,0
1,0,0,0,0,1,0,1,0
0,0,0,0,0,1,1,0,1
0,1,1,0,0,0,1,0,1
0,0,1,0,1,0,0,1,1
0,1,0,0,0,0,1,1,0
0,0,0,0,0,0,1,1,0
0,0,0,0,0,0,0,1,0
0,0,0,0,0,0,0,1,1
0,1,1,0,0,0,1,0,0
0,1,1,1,0,1,1,0,0
1,0,1,0,1,0,0,1,0
0,1,1,0,0,0,0,0,0
1,0,0,0,0,0,1,1,1
1,1,0,0,1,0,0,0,0
1,1,0,0,1,1,0,0,0
1,0,0,0,1,0,1,0,0
1,0,0,0,0,0,0,1,0
0,0,1,1,0,1,1,1,0
0,1,0,1,0,1,1,0,0
1,1,0,0,1,0,0,0,0
0,0,0,1,1,0,1,0,0
1,0,0,1,0,0,0,0,1
1,0,1,0,0,1,1,0,0
0,1,0,1,0,0,0,1,0
0,0,0,0,0,0,0,1,0
0,0,0,0,0,0,0,0,0
0,0,0,1,0,0,1,0,0
0,0,1,0,0,0,0,1,0
1,1,0,0,1,0,1,0,1
0,1,0,0,1,1,1,1,1
0,1,1,0,0,1,0,0,0
1,1,0,0,0,1,0,0,0
0,0,0,0,0,1,0,1,0
0,0,1,0,0,0,0,1,0
1,1,0,1,1,1,1,1,1
0,1,1,0,0,0,0,0,0
0,0,0,1,0,0,1,0,0
0,0,0,0,0,0,1,1,1
0,1,0,0,0,0,0,0,0
0,1,0,0,0,1,0,1,1
0,0,1,1,0,1,1,0,0
0,0,0,1,0,1,0,0,0
0,0,0,0,1,0,0,1,1
0,0,0,0,0,1,1,0,0
0,1,0,1,0,1,1,0,0
0,0,1,0,0,0,0,0,0
1,0,0,0,0,0,0,0,0
1,0,0,0,1,0,1,1,1
1,1,1,1,1,0,0,0,0
0,0,1,1,0,0,1,0,1
0,1,0,0,0,1,0,1,1
1,0,0,1,0,0,0,0,1
0,0,1,0,1,0,0,1,0
0,0,1,0,0,1,0,0,1
0,0,1,0,1,0,1,0,0
0,1,0,0,1,0,0,0,1
1,0,1,0,0,0,0,0,0
0,0,0,0,0,0,0,0,1
0,1,0,1,0,1,0,0,1
0,0,0,0,0,1,0,0,1
1,1,0,1,1,0,1,0,1
1,1,0,0,0,0,0,0,0
0,1,0,0,1,0,1,1,0
1,1,1,0,0,0,0,0,1
0,0,0,1,0,0,1,0,1
1,0,1,0,1,1,0,1,0
1,0,0,1,1,0,0,1,0
0,0,1,0,0,0,0,0,0
0,0,0,0,0,1,0,0,1
1,0,0,0,1,1,1,0,1
1,1,0,1,0,0,0,0,0
0,0,1,1,0,1,1,1,0
0,0,0,1,1,0,0,1,0
0,1,0,0,1,1,0,0,0
0,0,0,0,0,1,0,1,0
1,0,0,0,0,0,0,0,1
0,0,1,0,1,0,0,0,1
1,0,1,0,0,1,0,0,0
0,0,1,0,1,0,0,1,0
0,0,0,1,0,0,1,1,1
0,1,1,0,0,1,1,0,0
1,1,0,0,0,0,0,1,0
0,0,0,1,0,0,0,0,0
0,0,0,0,0,0,0,1,0
0,0,0,1,1,0,0,0,1
0,0,1,0,0,0,0,1,1
0,0,0,0,1,1,1,0,1
1,0,0,0,0,0,1,0,1
0,0,1,0,0,0,1,1,0
1,0,0,1,0,0,0,0,0
1,1,0,0,0,0,0,0,0
0,1,0,0,0,1,0,1,0
1,0,0,1,0,0,0,1,0
0,1,1,0,0,0,1,1,0
0,1,0,1,1,1,0,0,1
0,0,0,1,1,0,1,0,0
0,1,0,0,0,0,0,0,0
0,1,1,0,1,0,0,0,1
0,0,1,1,0,0,1,0,0
0,0,0,0,1,1,0,1,0
0,1,0,0,0,0,1,0,0
0,0,0,1,1,0,0,1,1
1,1,0,0,0,0,0,1,0
0,1,0,0,0,0,0,0,0
1,0,0,0,0,0,1,1,0
1,0,0,1,1,0,0,0,0
1,0,1,0,0,0,0,1,0
0,1,0,1,1,0,0,0,1
1,0,0,1,0,1,0,0,0
0,0,0,0,0,0,0,0,0
1,0,0,1,0,0,0,0,1
0,0,0,0,0,0,1,0,1
0,0,0,0,0,0,0,0,0
1,0,0,0,0,0,0,0,1
0,1,1,0,0,0,0,0,1
0,0,0,1,1,1,0,0,0
0,1,0,0,1,0,0,0,0
0,1,0,0,1,0,0,1,0
1,0,0,1,1,1,1,1,0
1,0,0,0,1,1,0,0,0
0,0,0,1,1,0,0,0,0
0,1,0,0,1,0,1,0,0
0,0,0,0,1,1,0,1,1
0,0,0,1,1,1,1,0,0
0,0,1,0,0,1,1,1,0
0,1,0,0,0,1,0,0,0
1,1,1,0,0,0,1,0,0
1,0,0,0,1,1,1,0,0
0,0,0,0,1,1,0,0,0
1,0,1,0,0,1,0,0,1
0,1,0,0,1,0,1,1,0
0,0,0,1,1,1,0,1,0
0,1,0,0,0,1,0,0,1
0,1,1,0,0,0,1,0,0
0,0,0,0,0,0,1,0,0
0,0,0,0,1,0,0,1,1
0,1,0,1,0,1,0,1,1
0,0,1,0,1,0,0,0,1
1,0,0,0,0,0,0,1,0
0,0,0,1,1,0,0,1,0
0,1,0,0,0,0,0,0,0
0,1,0,0,0,1,0,0,1
0,0,0,1,1,0,0,1,0
1,1,0,1,0,0,0,0,0
0,0,0,0,1,1,0,1,0
0,0,0,1,0,0,1,0,0
0,0,0,1,0,1,0,0,0
0,1,0,0,1,0,1,1,0
0,0,1,0,0,0,0,0,0
0,1,0,0,1,0,1,0,0
0,1,1,0,0,0,1,0,1
0,0,1,0,0,1,0,0,0
0,0,1,0,0,0,0,0,1
1,0,0,0,1,1,0,0,0
0,0,1,0,0,0,0,1,0
0,0,0,0,0,0,0,0,1
0,0,1,1,1,0,1,0,0
1,0,0,1,1,0,1,1,1
1,0,0,0,1,0,0,0,0
0,0,0,0,1,1,0,1,0
0,1,1,0,0,0,1,1,0
0,0,1,0,0,0,0,1,1
0,0,1,0,0,0,0,0,1
0,0,0,1,0,0,0,1,0
0,0,0,0,1,1,0,1,0
0,0,0,0,0,0,0,0,0
1,0,0,1,0,0,0,0,1
0,1,0,1,0,1,0,0,1
0,1,1,0,0,1,0,0,1
1,0,0,1,1,1,0,1,1
0,0,1,1,0,0,0,0,0
0,1,0,1,0,0,1,1,1
0,1,0,0,1,0,0,0,0
0,1,0,0,0,1,0,0,0
1,0,0,0,0,0,0,1,1
0,0,0,0,0,0,0,1,0
0,0,1,1,0,1,0,0,0
0,0,1,0,1,0,0,0,0
0,1,0,0,0,1,0,0,0
0,0,0,1,0,0,0,0,0
0,0,0,0,0,0,1,1,1
1,1,1,0,0,0,0,0,0
0,0,0,1,0,0,0,0,1
0,1,0,1,0,1,0,0,0
0,1,0,1,1,0,0,1,0
1,0,0,0,0,1,0,0,0
0,1,1,1,0,0,0,1,0
0,0,0,0,1,0,0,1,0
1,0,1,0,0,0,0,0,0
0,0,1,0,0,1,0,1,0
0,0,0,0,0,0,1,1,0
0,0,0,0,0,0,0,1,1
0,1,0,0,1,1,0,1,0
0,0,0,0,0,1,1,0,1
1,0,0,0,0,1,0,1,0
1,0,0,1,0,0,0,0,1
1,0,0,1,1,1,0,0,1
1,0,0,0,0,1,1,0,0
0,0,0,1,0,1,1,1,1
0,0,0,1,0,0,0,1,1
0,0,0,0,0,0,0,1,0
0,0,0,0,0,0,0,1,0
0,0,1,0,0,0,1,0,0
0,0,1,0,0,0,1,0,1
1,0,1,0,0,0,1,0,0
0,0,1,0,0,0,0,0,0
1,0,1,1,1,0,1,0,0
1,0,1,0,1,1,0,0,1
0,1,1,0,0,1,1,0,0
0,0,0,1,0,0,0,0,0
0,1,1,0,0,1,0,1,1
0,0,0,0,1,1,0,0,0
0,0,1,0,1,0,1,1,0
1,0,1,1,1,1,0,1,0
0,0,1,0,0,0,0,0,0
1,0,0,1,0,0,1,0,0
0,0,0,1,1,0,0,0,0
0,1,1,0,0,1,0,0,1
0,0,0,0,0,0,0,0,1
0,1,0,1,0,0,1,0,1
1,1,0,1,1,1,0,0,0
1,0,1,0,1,0,1,0,0
0,0,0,0,1,0,1,0,0
1,1,0,1,1,1,0,0,1
0,0,0,0,0,0,0,1,0
0,1,0,0,0,1,0,0,0
0,0,1,1,0,1,0,1,0
1,0,1,0,0,0,0,0,0
1,0,1,1,0,1,0,0,0
0,0,1,1,0,0,0,0,1
0,0,0,0,1,1,0,0,0
0,1,0,1,0,0,1,1,0
0,0,0,1,0,0,1,0,0
0,1,1,0,0,0,0,1,1
0,0,0,0,0,0,0,0,0
0,0,0,0,0,0,1,0,0
0,0,0,0,0,0,1,1,0
0,0,1,1,1,1,0,1,1
0,0,0,1,0,0,0,1,1
0,0,0,1,1,1,0,0,0
0,0,0,1,0,0,1,0,0
0,0,0,0,1,0,0,1,0
0,0,0,0,0,0,1,0,0
0,1,0,1,0,0,1,1,0
0,0,0,0,0,1,1,0,1
1,1,0,0,0,0,0,0,1
0,1,1,1,0,0,0,0,0
0,1,1,1,0,0,0,1,0
0,0,1,0,0,0,0,1,1
0,0,1,1,0,0,1,1,1
0,1,0,0,1,0,0,1,0
0,1,0,0,1,0,1,0,1
0,1,0,0,0,0,1,0,0
0,0,0,0,0,0,0,0,1
1,0,0,0,1,0,0,0,0
1,0,1,1,1,0,0,0,0
1,0,0,0,0,0,1,1,1
0,0,0,0,0,0,0,0,0
0,1,0,0,0,0,0,0,1
1,1,0,1,1,1,0,1,0
1,1,1,1,1,1,0,1,1
1,1,0,1,0,0,0,0,0
0,0,1,1,0,0,0,0,0
0,0,0,1,1,1,0,0,0
0,1,0,1,0,0,0,0,0
1,1,1,0,1,0,0,0,0
1,1,0,1,0,0,1,0,0
0,1,0,1,0,0,0,0,0
0,1,0,0,1,1,1,0,0
1,1,1,0,0,1,0,1,0
1,0,0,0,0,0,0,1,0
0,1,0,0,1,1,1,1,0
0,1,1,1,1,1,0,0,0
1,1,0,0,1,1,1,1,1
0,0,1,1,0,1,0,0,0
0,1,1,1,0,0,1,0,0
0,0,0,0,1,1,0,0,1
1,0,0,0,0,0,0,0,0
1,0,0,0,1,1,1,1,0
1,0,0,1,0,1,1,0,0
1,1,0,0,1,1,0,0,1
1,1,1,1,1,0,1,0,0
0,1,0,0,1,1,1,0,0
0,0,1,1,0,0,0,0,0
0,0,1,1,0,1,0,0,0
0,0,0,0,1,0,1,0,0
0,0,0,0,1,1,1,0,0
0,0,1,0,0,1,0,0,0
0,1,1,0,1,0,0,0,1
1,0,1,0,0,1,0,0,0
1,0,1,0,1,1,0,0,0
0,1,0,0,1,1,0,0,0
0,1,0,0,0,0,1,1,1
1,0,0,0,0,0,1,0,0
0,0,0,0,0,0,1,1,0
0,0,1,1,0,1,1,1,0
1,1,0,0,0,0,1,1,1
1,0,0,0,0,0,1,1,0
0,0,0,1,1,0,0,1,0
0,1,1,0,0,1,0,0,0
0,1,1,0,1,1,0,0,0
1,1,1,0,0,0,0,0,1
0,1,0,0,0,0,1,1,1
0,0,1,0,0,1,0,0,1
0,1,0,0,0,0,1,0,1
0,0,1,1,0,1,0,0,0
0,0,1,0,0,0,0,0,0
0,0,0,1,0,0,0,0,0
0,0,0,0,0,0,0,0,1
0,0,1,0,0,0,0,0,0
1,1,1,0,0,0,0,1,0
0,0,0,1,0,1,0,1,0
0,0,0,1,0,0,0,1,0
0,0,0,1,0,1,0,1,0
0,0,1,1,1,0,1,0,0
1,0,0,0,1,1,0,0,1
0,0,0,0,1,0,0,1,1
0,1,0,0,1,0,0,0,0
0,0,0,0,1,0,0,0,0
1,1,0,0,0,1,0,0,0
1,1,0,0,1,0,0,1,0
1,0,0,0,1,1,1,0,1
0,0,0,0,0,0,0,0,0
0,0,0,0,1,1,1,0,0
0,1,1,1,0,0,0,1,0
0,0,0,0,0,0,0,1,0
1,0,0,0,0,0,0,1,1
1,0,0,1,0,1,1,0,1
0,0,0,1,0,0,0,0,0
0,0,0,0,1,1,0,0,1
0,0,0,1,1,1,0,1,0
0,0,0,0,0,1,0,0,0
0,1,0,1,0,1,0,1,1
1,1,0,0,1,0,0,1,0
0,0,0,0,1,0,0,0,0
1,0,0,1,0,1,1,0,1
1,0,0,0,1,0,1,0,0
1,0,0,0,0,1,1,0,1
0,0,1,0,0,1,0,0,1
1,0,0,0,1,0,0,1,0
0,1,0,0,0,1,0,1,1
0,0,0,0,0,0,1,1,0
1,0,0,0,0,0,1,0,1
0,0,1,0,0,1,1,0,0
0,0,1,0,0,0,0,1,0
0,0,0,0,1,1,0,1,0
0,0,1,1,0,1,0,0,0
0,0,0,1,0,0,0,1,0
0,0,0,0,1,1,0,1,1
1,0,0,0,0,0,0,0,0
0,1,0,0,1,0,0,1,0
0,0,1,1,1,0,0,0,0
1,1,1,0,0,0,0,0,1
1,0,1,0,1,0,0,0,0
0,0,0,1,0,0,0,0,0
0,0,0,0,0,1,1,0,0
0,0,1,0,0,1,0,1,1
0,0,0,0,0,0,1,0,0
0,1,1,1,0,0,0,0,0
0,0,1,0,1,0,0,0,1
0,1,1,1,1,0,0,0,1
0,0,0,1,0,0,0,0,0
0,0,0,1,0,0,0,0,0
0,0,1,0,1,1,0,1,0
0,0,0,0,0,0,0,0,0
0,0,1,1,0,1,0,0,0
0,0,1,0,0,0,0,1,0
0,1,0,1,0,1,0,0,0
0,0,0,1,0,0,0,0,0
1,0,0,1,0,0,1,0,0
0,0,1,0,1,0,0,0,1
0,0,0,1,0,0,1,0,1
0,0,0,0,0,1,1,1,0
0,0,0,0,1,0,0,0,0
1,1,0,0,0,0,0,1,1
0,0,1,1,0,0,0,0,1
1,1,0,1,0,1,0,0,0
1,0,0,1,0,1,0,0,0
1,0,1,0,0,0,0,0,0
1,1,0,1,0,0,0,0,0
0,0,0,0,0,0,1,0,0
0,0,1,0,1,0,0,0,0
1,0,0,0,0,1,0,0,1
0,0,1,1,0,0,0,0,0
0,0,0,1,0,0,0,1,0
1,0,0,0,0,1,0,0,1
1,1,0,0,1,0,1,0,0
1,0,1,0,1,0,1,1,0
0,0,1,0,1,1,0,0,0
1,1,0,0,0,1,0,0,0
0,1,1,1,0,1,0,1,1
1,0,0,1,0,1,1,1,1
1,1,1,1,0,1,1,1,0
0,0,0,0,1,0,1,1,1
0,0,1,0,0,0,1,0,0
0,1,0,0,1,0,0,0,1
0,0,0,0,0,1,1,1,1
1,0,1,0,1,1,0,0,1
1,1,0,0,0,1,1,0,0
0,0,0,0,1,0,1,0,0
1,0,1,0,0,0,1,0,0
0,0,0,0,0,1,0,1,0
0,0,0,1,0,1,1,0,1
0,0,0,1,1,1,0,0,0
0,1,0,0,0,1,0,0,0
0,0,0,0,0,0,0,0,0
1,0,0,0,1,1,1,0,0
0,0,0,0,0,0,1,0,1
0,1,0,0,1,0,0,0,1
0,1,1,0,0,1,0,1,0
0,0,0,0,1,0,0,0,0
0,0,1,0,1,1,1,0,0
1,0,1,1,0,0,0,0,0
0,1,0,0,1,0,0,1,1
1,0,1,0,0,0,1,0,0
0,1,0,0,0,1,1,0,0
0,0,0,0,1,0,0,1,0
0,1,0,0,0,0,1,1,1
1,0,1,0,0,0,0,1,0
1,0,0,1,0,0,1,0,1
1,0,0,1,0,1,0,0,0
0,1,0,0,0,0,0,1,0
0,1,0,0,0,0,1,0,0
0,0,0,0,1,0,0,0,1
1,0,0,0,0,1,0,0,1
0,1,0,0,1,0,0,0,0
0,0,0,0,0,1,0,1,1
1,0,0,1,0,0,0,1,1
0,0,0,0,0,0,0,1,0
0,1,0,0,0,1,0,1,0
0,1,0,0,1,0,0,0,0
0,1,1,0,0,1,1,1,1
0,0,0,1,0,0,0,0,0
0,1,0,0,0,1,0,0,0
0,1,1,0,1,0,0,0,1
0,0,1,1,1,0,0,0,0
0,0,0,0,0,1,0,0,0
1,1,0,0,0,0,0,0,0
1,0,1,0,1,0,0,0,0
1,0,0,0,1,1,0,1,0
1,0,1,1,1,0,0,0,0
1,1,1,0,0,1,0,0,0
1,1,0,1,0,0,1,1,1
1,0,0,0,0,0,0,0,1
0,0,0,0,0,0,1,1,0
1,0,0,1,0,1,1,0,0
0,0,1,0,0,0,0,0,0
0,0,0,1,1,1,0,0,1
1,0,0,0,1,0,1,0,1
0,1,0,1,1,0,1,0,1
0,0,0,1,1,1,0,0,1
1,0,1,1,1,1,1,0,0
0,1,1,0,1,0,0,0,1
1,0,0,0,0,0,0,1,0
1,0,0,0,1,1,0,0,1
1,0,0,0,0,0,1,0,1
0,0,1,0,1,1,0,0,1
1,0,1,0,0,0,0,0,0
0,1,1,1,0,0,0,0,0
0,1,0,0,0,0,0,0,0
1,0,0,0,1,1,0,0,0
0,0,1,0,0,1,0,1,1
1,0,0,0,0,0,0,0,1
0,0,1,0,1,1,0,1,1
1,0,0,1,1,1,1,1,1
1,0,0,1,0,0,0,0,0
0,0,1,0,0,0,0,1,0
1,0,0,0,0,0,0,1,0
0,0,0,1,0,1,1,0,0
0,0,0,0,1,0,0,0,0
1,0,1,1,0,1,0,1,1
0,1,0,0,0,0,0,1,0
0,1,0,0,0,0,0,1,0
1,0,0,1,0,0,0,0,0
1,1,0,1,0,0,0,1,0
0,0,0,0,0,0,0,0,1
0,0,0,0,0,0,1,0,1
1,0,0,0,0,1,0,1,0
0,0,0,0,0,0,0,0,1
0,1,0,0,0,1,0,0,0
0,0,0,1,0,0,0,1,0
0,0,0,0,0,0,0,0,1
0,0,0,0,0,0,0,0,0
1,0,1,1,0,1,0,0,0
0,1,1,1,1,1,0,0,0
1,1,0,0,1,1,1,0,0
0,1,1,0,0,1,1,1,0
1,0,0,0,0,0,1,0,1
0,0,0,0,1,0,1,0,0
0,0,1,1,0,1,0,0,1
0,1,0,0,1,0,0,0,0
0,1,0,0,1,1,1,0,0
0,0,0,1,1,1,1,1,1
1,0,0,0,0,0,0,1,0
1,0,1,1,0,1,1,0,0
0,0,0,1,1,0,0,1,0
0,0,0,1,0,1,0,0,1
0,1,0,0,0,0,0,1,1
0,0,1,0,1,0,0,0,0
0,0,0,0,1,0,0,0,0
0,0,0,0,0,0,0,1,0
1,0,1,0,0,0,0,0,0
1,1,1,1,0,0,0,0,1
1,0,1,0,0,0,1,0,0
1,0,0,0,1,1,0,0,0
1,1,0,1,0,0,0,1,1
1,0,0,0,0,1,0,0,0
1,0,0,1,0,0,1,0,0
0,1,0,0,0,0,0,0,0
1,0,1,0,0,1,1,0,0
1,0,0,0,0,1,0,0,0
1,0,1,0,0,0,1,1,1
0,1,1,1,0,0,0,0,1
0,0,0,0,1,1,0,0,1
0,0,0,1,1,1,1,1,1
0,1,0,1,1,0,1,1,1
0,0,1,1,0,1,0,0,0
0,0,0,1,1,0,0,0,0
0,1,1,0,1,1,0,1,0
1,0,1,0,0,1,0,1,0
0,1,0,0,1,0,0,0,0
1,0,0,1,1,1,0,1,1
0,0,0,0,0,0,1,0,0
0,0,0,0,0,0,0,1,0
1,0,0,1,1,0,1,1,1
0,1,0,1,0,0,0,1,0
0,0,0,0,0,0,1,0,0
1,0,0,0,0,0,0,0,1
1,0,0,0,1,1,0,0,1
0,1,0,0,0,0,1,0,0
0,0,0,1,1,1,1,0,0
1,0,1,0,0,1,0,1,0
1,1,0,1,0,1,1,0,0
0,0,0,1,1,0,0,1,1
1,0,0,1,0,0,1,0,1
1,0,0,0,0,1,0,0,1
0,0,0,0,1,0,0,1,0
0,1,0,0,0,1,0,1,0
0,0,1,0,0,0,0,0,0
0,0,0,0,0,0,1,0,0
0,1,0,1,1,1,0,0,0
1,0,0,0,0,1,0,0,0
0,0,0,1,0,0,1,0,0
0,0,1,0,0,0,0,1,0
1,1,0,0,0,0,0,0,0
0,1,0,0,1,0,1,0,0
0,1,0,0,0,1,0,0,0
0,1,0,1,1,0,0,0,1
1,1,0,0,1,1,0,1,0
0,0,1,0,1,0,0,0,1
0,0,0,1,1,1,0,0,1
0,0,0,0,0,0,0,1,0
0,1,0,0,0,0,0,0,0
0,0,0,0,0,0,0,0,1
1,0,1,0,0,0,1,0,1
0,1,0,0,1,0,0,1,1
1,0,1,0,0,0,0,1,1
0,1,0,0,0,1,1,1,0
1,1,1,0,0,0,0,1,1
0,0,0,0,0,0,0,0,1
1,0,1,0,0,0,0,1,0
1,0,0,0,1,0,0,0,0
0,0,0,0,1,0,0,0,1
0,1,1,1,1,0,0,0,0
0,1,1,0,0,0,0,1,0
1,1,0,0,0,0,0,1,0
0,0,1,0,0,0,0,1,0
0,0,0,0,1,1,1,1,1
1,0,0,0,0,1,0,0,0
0,1,1,1,0,0,0,0,0
1,1,0,0,1,0,0,1,0
0,0,0,0,0,0,1,0,0
1,0,0,0,0,0,0,0,0
1,0,1,1,0,0,1,0,0
0,0,0,0,0,0,0,0,0
1,1,0,0,0,0,1,1,1
0,0,1,0,1,1,0,0,0
0,1,1,0,0,0,0,0,1
0,1,0,0,0,1,0,0,0
0,0,1,0,1,0,0,0,0
0,0,1,0,1,0,0,1,0
0,0,0,0,0,0,0,0,1
1,1,1,0,0,1,0,0,0
1,1,0,0,1,0,1,0,1
1,0,0,0,0,0,0,0,0
1,0,0,0,0,0,1,0,0
0,1,0,0,1,0,1,0,0
0,0,0,0,0,0,0,0,0
0,1,1,0,0,0,1,1,1
1,0,0,1,0,1,0,1,0
1,0,1,0,1,0,0,0,1
0,0,0,1,0,1,1,0,0
0,0,1,0,0,0,1,0,1
0,0,0,0,0,0,0,0,1
0,0,0,0,0,0,1,0,1
0,1,0,0,0,0,0,1,1
1,1,0,0,0,0,1,0,0
0,0,0,1,0,1,0,0,1
0,0,0,0,0,0,1,0,0
0,0,1,0,0,0,0,0,0
0,1,0,0,0,0,1,0,1
0,0,1,0,1,0,1,1,1
0,0,0,0,0,0,0,0,0
0,0,0,1,0,1,0,1,0
1,1,0,0,1,1,0,0,0
0,0,0,0,0,1,0,1,1
0,1,0,0,1,0,0,0,0
0,0,0,0,0,1,1,0,0
0,1,0,0,1,0,1,1,0
0,1,0,1,0,0,0,0,0
0,0,0,1,0,1,0,0,1
0,0,0,0,0,0,0,1,1
0,1,0,0,1,0,1,0,1
0,1,0,1,0,0,0,1,0
0,0,1,0,0,0,0,1,0
0,1,1,1,0,0,1,1,0
0,0,1,0,1,1,0,0,0
0,1,1,0,0,0,0,0,0
0,0,0,1,0,0,1,0,0
0,0,0,0,1,0,0,0,0
1,0,1,0,1,1,0,0,0
0,0,1,0,0,1,1,1,0
1,1,1,0,0,0,0,1,0
1,1,0,1,0,1,0,1,1
1,1,1,1,0,1,0,0,0
1,1,0,0,1,0,0,1,1
1,0,0,1,0,1,1,0,1
0,0,0,0,0,0,1,0,1
0,1,0,0,0,0,1,0,0
1,0,1,1,1,0,0,0,0
0,1,1,0,0,0,0,0,1
0,0,0,0,0,0,0,0,1
0,0,1,1,0,1,0,1,1
0,0,0,1,0,1,0,0,0
0,0,0,0,0,1,0,1,1
0,0,1,0,0,0,1,1,0
0,1,1,0,0,0,0,0,0
0,0,0,1,0,0,0,0,1
1,1,1,0,0,1,1,0,1
0,1,0,0,0,0,1,0,0
0,0,0,0,0,0,0,0,0
0,1,1,1,0,1,1,0,1
0,1,0,1,1,0,0,0,0
0,0,1,0,0,0,0,1,0
0,1,0,1,0,0,0,0,0
0,0,0,1,1,1,1,1,1
0,1,0,0,0,1,0,0,0
1,1,0,1,1,1,0,0,0
0,1,0,0,1,0,0,0,1
0,1,0,0,0,1,0,1,0
0,0,0,0,0,1,0,0,1
0,0,1,0,1,0,1,0,0
1,1,0,1,0,0,1,0,0
1,0,0,1,0,1,1,0,0
0,0,0,0,0,0,0,0,1
0,0,1,0,1,0,1,0,1
0,0,0,1,1,0,1,1,0
0,0,1,0,1,0,0,0,0
0,0,0,0,0,1,0,1,0
0,0,1,0,1,1,0,0,0
0,1,1,1,0,0,0,0,0
0,0,0,0,0,0,1,0,0
1,0,0,1,0,0,0,0,1
0,0,1,1,0,0,0,0,0
0,0,0,1,1,0,1,0,0
1,1,0,0,1,0,1,1,0
1,0,0,1,0,0,1,0,0
0,0,0,1,1,0,1,0,0
1,0,0,1,1,0,0,0,0
1,0,1,0,0,0,0,0,1
1,1,0,1,0,0,0,0,1
0,0,0,1,0,0,0,0,1
0,0,0,0,1,0,0,1,0
0,0,0,1,0,0,1,0,0
0,0,0,0,0,0,0,0,1
0,0,0,1,0,1,0,0,0
0,0,0,0,0,1,0,0,0
0,1,1,0,0,1,0,0,0
1,0,0,0,0,0,1,0,0
0,0,0,0,1,0,0,1,1
0,0,0,0,1,0,0,0,0
0,1,1,1,1,1,0,0,1
1,1,0,1,0,1,0,0,0
1,1,0,0,1,0,1,0,0
0,0,0,1,0,0,1,0,0
0,0,0,1,0,1,1,0,0
0,1,0,0,1,1,0,1,1
0,0,0,0,1,0,1,1,0
1,0,1,0,1,0,1,0,0
1,0,0,1,1,0,1,1,0
1,0,0,1,0,0,0,1,1
0,0,0,0,0,0,1,0,0
1,1,1,0,1,0,0,0,1
0,0,1,1,0,0,1,0,0
0,1,0,1,0,1,1,1,0
1,1,1,0,1,1,1,1,1
0,0,0,1,1,1,0,0,1
1,0,0,0,0,0,1,1,1
1,1,1,0,0,0,1,1,0
1,0,0,0,0,1,0,0,0
0,1,0,1,0,1,1,0,1
1,0,0,0,0,0,0,0,0
1,1,0,0,0,0,0,1,1
0,0,0,0,1,1,0,0,1
0,1,1,0,0,0,0,0,0
1,0,0,1,0,0,0,0,0
0,0,1,0,1,0,0,0,0
1,0,1,0,0,1,0,1,0
1,0,0,0,1,0,0,0,0
0,1,0,1,0,1,1,0,0
0,1,0,0,1,0,0,0,0
0,0,1,0,0,0,1,1,0
1,0,1,1,1,0,0,0,0
0,0,1,1,1,1,0,0,0
1,1,1,0,0,1,0,0,0
0,1,1,0,1,1,0,0,0
0,0,0,0,1,0,1,0,0
1,1,0,0,0,0,0,1,0
0,0,0,0,1,0,0,0,1
0,0,0,0,0,1,0,0,0
0,1,0,0,0,0,0,0,0
0,1,0,0,0,0,0,0,0
0,1,0,0,0,0,0,0,0
0,0,0,0,0,1,0,0,0
0,1,1,0,0,1,0,1,0
0,1,1,0,0,0,0,0,1
0,0,0,0,1,0,1,0,1
1,1,0,0,0,0,0,0,0
0,1,0,1,1,0,0,0,0
0,1,0,0,0,1,1,0,0
0,0,0,0,0,0,0,1,1
1,0,1,0,1,0,0,0,0
1,0,0,0,0,1,0,0,1
1,0,1,1,0,1,0,1,0
0,0,1,0,0,1,0,1,0
0,0,0,0,0,1,0,1,0
1,0,0,0,0,1,0,1,0
0,0,0,0,0,0,0,0,0
0,0,0,0,0,0,1,0,0
0,0,1,0,0,1,1,1,0
0,1,0,1,0,0,0,1,0
0,0,0,0,0,0,0,0,0
0,0,0,0,0,0,0,0,1
0,0,0,1,0,0,0,1,1
1,1,0,1,0,0,0,0,0
0,0,0,0,1,0,0,1,0
1,0,0,0,0,0,0,0,0
0,0,0,0,0,0,0,1,0
0,1,0,1,1,1,0,1,0
1,1,0,0,1,1,1,0,1
0,0,0,0,0,0,1,1,0
1,0,0,0,0,0,0,0,0
0,1,1,1,1,0,0,1,0
1,1,0,1,0,0,1,1,0
0,1,1,1,1,0,1,1,1
0,1,0,1,0,1,0,0,0
0,0,0,1,1,1,0,1,1
0,0,0,1,0,0,0,0,0
0,0,0,1,1,0,1,0,1
0,1,1,0,1,0,0,0,0
0,1,0,0,1,1,0,0,0
1,1,0,0,1,1,1,0,0
0,0,1,0,1,1,0,1,0
0,0,1,0,0,0,1,1,0
0,0,0,1,1,0,0,1,1
0,1,1,0,0,1,0,0,0
1,0,0,1,0,0,0,0,0
0,0,0,1,0,0,0,1,1
1,0,0,1,1,1,0,0,0
1,1,0,0,1,1,0,0,0
1,0,1,0,1,0,1,1,0
0,1,0,0,1,1,0,0,0
1,0,1,0,0,1,1,0,1
0,1,0,0,0,1,0,0,0
0,0,0,0,0,0,0,1,0
0,0,1,0,1,0,1,0,1
1,0,0,0,1,0,1,0,0
0,1,0,0,0,0,0,1,1
1,0,0,0,0,0,0,1,0
0,1,1,0,0,1,0,0,0
0,1,0,0,0,0,0,1,0
0,1,1,1,0,0,1,0,0
0,0,0,0,1,1,1,0,0
0,0,0,0,0,0,0,0,0
0,1,0,0,0,0,0,0,1
1,1,1,0,0,0,0,1,1
0,0,1,0,0,0,0,0,0
0,1,0,0,0,1,1,0,0
0,1,0,0,0,1,0,0,0
0,0,0,1,0,1,0,0,1
0,0,0,0,0,1,1,1,0
1,1,0,1,1,0,1,0,0
1,0,0,0,0,1,0,1,1
1,0,0,1,1,0,1,0,1
1,1,1,0,0,0,0,0,0
1,1,0,0,0,0,1,0,0
0,1,1,0,0,0,0,1,0
0,1,0,0,0,0,1,0,0
0,1,0,1,0,1,0,0,0
0,0,0,0,0,1,0,0,1
0,0,0,0,0,0,0,0,1
0,1,0,0,1,1,0,1,0
1,0,0,1,0,1,0,0,0
0,0,0,0,1,1,0,1,1
0,0,0,0,1,0,0,1,1
0,0,0,1,0,1,1,1,1
0,0,0,0,0,0,0,1,0
0,0,1,1,0,1,0,0,0
1,1,0,0,0,1,1,1,0
1,0,0,0,0,1,1,1,0
0,0,0,1,0,0,0,1,0
1,0,0,1,0,0,0,1,0
0,0,0,1,0,0,1,0,0
1,0,0,0,1,1,0,0,0
0,1,0,0,0,1,0,0,1
1,1,1,1,1,1,0,0,1
0,0,1,0,0,1,0,1,0
0,0,1,0,0,1,0,0,0
0,0,1,1,1,0,0,1,0
0,0,1,0,0,0,0,0,0
0,0,0,0,0,0,0,0,1
0,0,0,0,0,0,0,0,0
1,0,0,0,0,0,0,1,0
0,0,0,0,0,0,1,0,0
1,0,0,1,0,1,0,0,0
1,1,0,0,1,1,0,0,1
1,0,0,0,0,0,0,1,1
0,1,1,0,0,1,0,0,0
1,0,1,0,1,0,1,1,1
1,0,0,0,1,0,0,0,0
0,0,0,1,1,0,0,0,1
0,0,0,1,0,1,0,1,1
0,1,0,1,0,1,0,0,0
1,1,0,0,1,0,1,1,0
0,1,0,0,0,1,0,1,1
0,1,0,0,0,0,0,1,0
0,0,1,0,1,1,0,1,0
0,0,0,0,1,0,0,0,0
0,0,1,1,0,1,0,0,0
0,0,1,0,0,0,1,0,0
0,0,1,0,0,0,0,0,1
0,0,0,1,0,1,0,0,0
0,0,1,0,0,1,1,1,0
0,0,0,0,1,0,0,1,0
0,0,0,0,0,0,0,0,1
0,0,0,0,1,0,0,1,0
1,0,1,0,1,0,0,0,0
0,0,1,0,0,0,0,1,0
0,0,0,0,0,0,0,1,1
1,0,0,0,1,0,0,0,1
0,1,0,0,1,0,0,0,1
1,0,0,0,1,1,0,1,0
0,0,1,0,1,0,0,0,0
0,0,0,0,0,0,1,0,1
0,0,0,0,1,0,1,1,0
0,1,0,0,0,0,0,1,0
1,0,0,0,0,1,0,1,1
1,0,1,0,0,0,1,0,0
1,1,1,0,0,1,1,1,0
1,0,0,0,1,0,0,0,0
1,1,0,1,1,1,1,0,0
0,0,1,0,0,0,0,0,0
0,1,0,1,1,1,0,0,0
0,0,0,0,0,1,0,1,0
0,1,0,1,1,0,0,0,0
0,0,1,0,0,0,0,1,1
0,0,0,0,0,0,0,0,0
0,0,0,0,0,1,0,1,0
0,0,0,1,1,0,1,1,1
0,0,1,0,0,0,1,0,0
0,0,0,1,0,1,0,0,1
0,0,0,0,0,0,0,0,1
1,0,0,0,1,0,1,0,0
0,1,0,0,0,0,1,0,0
0,0,0,0,0,1,0,0,0
0,0,0,0,1,0,1,0,0
0,0,0,1,1,0,0,0,1
0,0,1,1,0,1,0,1,0
0,0,0,1,1,0,0,0,1
1,0,1,0,1,1,1,1,1
1,1,1,1,1,0,1,0,0
1,0,0,0,1,1,1,0,0
0,0,1,1,0,1,0,0,1
0,1,1,0,1,1,0,1,0
0,0,1,0,0,1,0,1,1
0,0,0,1,0,0,1,0,0
0,0,1,0,0,0,1,0,0
0,1,1,1,0,0,0,0,0
0,0,1,1,0,1,0,0,0
1,0,0,1,1,0,1,0,0
0,1,0,0,0,0,1,1,0
1,0,1,0,0,0,1,0,0
0,0,0,0,1,0,1,1,0
1,0,0,1,1,1,1,0,1
0,0,0,1,1,0,0,0,1
1,0,0,0,0,0,1,0,0
0,1,0,0,0,0,1,0,1
1,0,1,0,0,0,0,1,1
1,1,1,1,0,0,1,1,1
1,0,1,0,0,0,1,1,0
0,0,1,0,1,1,0,0,0
0,1,0,0,0,0,0,0,1
0,0,0,0,0,0,0,0,0
1,1,0,0,1,1,0,0,0
0,0,1,0,0,0,0,1,1
0,0,1,0,1,1,0,1,0
0,0,1,0,0,0,0,0,0
1,1,0,1,0,0,1,0,0
0,0,0,1,0,0,1,0,1
0,0,0,1,1,0,0,0,0
0,0,0,0,0,0,1,0,0
0,1,0,0,0,0,1,0,0
0,0,1,0,1,0,1,0,0
0,1,0,1,0,1,0,0,1
1,0,1,0,1,0,0,1,0
0,1,0,0,0,0,0,0,1
0,0,0,0,0,0,0,1,0
0,1,0,1,0,1,1,0,1
1,0,0,0,1,0,0,0,0
0,0,0,1,0,0,1,0,0
1,1,0,0,0,0,0,0,0
1,0,1,0,0,0,0,0,0
0,1,1,1,1,1,0,0,0
0,0,0,0,1,0,1,1,0
0,0,1,1,0,1,0,1,0
0,0,0,0,1,0,0,1,0
0,1,0,0,0,0,0,0,1
0,1,0,1,0,1,1,1,1
0,0,1,0,0,0,0,0,1
0,0,0,0,0,0,1,1,0
0,0,0,0,1,0,0,0,1
0,0,0,1,0,0,1,0,0
0,0,1,0,0,1,0,0,1
0,0,0,0,1,1,0,0,1
1,1,0,0,1,0,0,0,1
1,1,1,0,1,0,0,1,0
0,1,0,0,1,1,1,0,1
1,0,1,0,0,0,0,1,1
0,0,1,0,0,0,1,1,0
1,1,0,0,1,0,0,0,0
0,0,0,0,0,0,1,0,0
0,1,0,1,1,0,1,0,1
0,0,1,0,1,0,1,1,0
0,0,1,0,1,0,1,1,0
1,0,1,1,0,0,0,1,0
0,0,0,0,1,0,1,0,0
1,0,0,0,0,0,0,0,0
0,1,0,0,0,0,0,0,1
1,1,0,1,1,1,1,1,1
0,0,1,0,1,1,1,0,0
0,0,0,0,0,1,1,1,0
0,0,0,0,0,1,0,1,0
1,0,0,0,1,0,1,1,1
1,0,1,0,0,0,0,0,0
1,1,1,0,1,0,0,0,0
0,0,0,1,1,1,1,1,0
0,1,0,0,0,0,1,0,0
1,1,0,1,0,0,1,0,0
0,1,0,0,1,0,0,1,0
0,0,0,1,0,0,0,0,0
1,1,1,0,0,1,0,0,0
0,0,0,0,1,0,1,0,0
1,0,1,0,0,0,0,1,0
1,1,1,0,0,0,0,0,1
0,0,0,1,0,0,1,0,0
1,1,0,0,1,0,0,0,1
0,1,0,1,0,0,1,0,0
1,0,0,1,0,1,0,1,0
0,0,1,0,1,1,0,0,0
0,1,0,1,0,0,1,1,1
0,0,0,0,0,1,0,1,0
1,0,1,1,0,0,0,0,0
0,0,0,0,1,0,0,0,0
1,0,1,0,1,0,0,1,0
1,0,1,0,0,1,0,1,1
0,0,1,1,0,0,0,0,1
1,1,0,0,0,0,0,0,1
0,0,1,1,0,1,0,0,0
1,1,0,1,1,0,1,0,0
1,0,1,0,1,0,1,0,0
0,0,1,0,1,0,0,0,0
1,0,0,0,0,0,0,1,0
0,1,0,1,0,0,0,0,0
1,1,0,0,0,0,0,0,0
0,0,0,0,0,0,1,1,0
0,1,1,1,0,0,0,1,0
0,0,0,1,0,0,0,0,0
0,1,0,0,0,1,0,0,1
0,0,0,1,0,0,1,1,0
1,0,0,0,0,0,0,0,0
0,1,0,1,0,0,1,0,1
1,1,0,0,0,1,1,0,1
0,1,0,0,0,1,0,1,0
1,0,0,0,0,0,0,0,1
1,0,0,0,0,0,0,0,0
1,1,1,1,1,1,0,0,0
0,0,0,1,0,0,0,1,0
0,1,0,0,0,0,0,0,0
0,0,0,0,1,0,1,0,0
1,0,1,0,0,0,0,0,0
1,0,0,0,0,0,0,0,0
0,0,0,0,0,0,0,0,1
1,0,1,1,1,1,1,0,0
0,0,0,1,1,0,0,0,0
0,1,0,1,0,0,1,1,0
1,1,0,0,1,0,0,1,1
0,1,1,0,0,0,0,0,0
0,0,0,0,0,0,0,0,0
0,1,1,0,0,0,1,1,0
1,0,0,0,0,0,0,0,1
0,0,1,1,0,0,0,1,1
1,1,0,1,0,0,0,0,1
1,0,0,0,0,1,0,0,1
0,0,1,0,0,0,0,1,1
1,0,1,0,0,1,0,1,0
1,0,1,1,0,1,1,1,1
0,1,0,0,0,0,0,0,0
0,0,0,1,1,0,1,0,0
1,0,0,0,0,0,0,0,0
1,0,0,0,0,0,0,0,1
1,0,0,0,1,1,0,0,0
0,0,1,0,0,0,0,0,0
0,0,0,1,1,1,0,0,0
1,0,1,1,1,1,0,0,1
0,0,0,0,1,1,0,0,1
0,0,0,0,0,0,1,0,0
0,0,0,0,0,0,0,0,0
0,0,1,0,0,0,1,0,1
0,1,1,0,0,1,0,0,0
0,1,1,0,0,1,0,0,1
0,1,0,0,0,0,0,1,1
0,0,0,0,1,1,0,0,1
0,0,0,0,0,0,0,0,0
0,0,1,1,0,1,1,1,1
1,0,0,0,1,1,0,0,0
1,0,1,1,0,0,0,0,0
1,0,1,1,0,0,1,1,0
1,0,1,0,0,0,0,1,1
1,0,1,1,1,0,0,0,1
1,1,0,0,0,0,0,0,0
0,1,0,1,1,1,1,0,0
0,1,0,0,0,1,0,1,1
0,0,1,1,0,1,0,0,0
0,1,1,0,0,1,0,0,1
0,1,0,0,1,1,0,0,1
0,1,0,0,1,1,1,1,1
1,0,0,0,0,0,0,1,0
1,0,0,0,0,1,0,1,0
0,1,0,0,1,0,0,0,1
1,1,0,0,1,1,0,0,1
0,0,1,0,0,0,1,0,1
0,0,0,0,0,0,0,0,0
0,0,0,0,0,0,0,0,1
0,1,0,0,0,0,0,0,0
0,1,0,1,0,1,0,0,0
0,0,0,0,0,0,0,1,1
1,0,0,1,0,1,1,0,0
0,0,1,1,1,1,0,0,0
1,1,0,0,0,0,0,0,0
0,0,0,0,1,0,1,0,0
1,0,0,0,0,1,0,0,1
1,1,0,0,1,0,0,0,0
0,0,0,0,1,1,0,0,0
0,1,0,1,0,0,0,0,1
0,0,0,1,0,1,1,0,0
1,1,0,0,0,0,0,1,0
1,0,0,1,0,0,0,1,1
0,0,1,0,1,0,1,0,0
0,0,0,1,1,0,0,0,0
1,0,0,0,0,1,1,0,1
0,1,0,0,0,0,0,0,0
1,0,0,1,0,1,0,0,0
1,1,0,1,0,1,0,0,0
0,1,0,1,0,1,1,1,0
1,0,0,1,0,0,0,1,0
0,1,0,0,0,1,0,0,0
0,1,0,0,0,1,0,0,0
0,0,0,0,0,0,0,0,0
0,0,0,0,1,1,0,1,0
1,0,0,0,0,0,0,0,0
0,1,0,0,1,1,1,0,0
0,1,1,1,0,0,0,0,0
1,0,0,0,0,0,0,0,0
0,0,0,0,0,1,1,0,0
1,1,1,0,1,0,1,0,1
0,0,0,1,1,1,1,0,0
1,0,1,0,0,1,0,1,0
1,0,1,1,0,0,1,1,0
0,1,1,0,0,1,0,0,0
0,0,1,0,0,1,0,1,0
1,0,0,1,1,0,0,1,1
0,1,0,0,0,0,1,0,1
0,1,0,0,0,1,1,1,1
1,1,0,1,1,1,0,0,1
1,0,1,0,0,0,0,1,0
0,0,0,0,0,1,1,0,0
0,1,1,1,0,0,1,0,0
0,0,1,0,0,1,1,0,1
0,0,1,0,0,0,1,0,1
0,0,0,0,0,0,0,1,0
1,1,1,1,0,0,1,0,0
0,1,0,0,0,0,0,0,0
1,1,0,0,0,0,0,0,0
0,1,1,0,1,0,0,1,0
0,0,1,0,1,0,0,0,0
1,1,0,0,1,0,0,1,1
0,0,0,1,0,1,0,1,0
0,1,1,1,1,1,1,0,0
1,0,1,0,0,0,0,0,1
0,1,1,1,1,1,1,0,0
1,1,0,0,1,0,0,1,1
0,0,0,0,0,0,0,0,0
0,0,0,0,1,0,0,0,0
1,0,0,0,1,0,0,0,0
0,1,1,0,1,0,0,1,0
0,1,0,0,0,0,1,1,0
0,0,1,0,0,0,0,0,1
0,0,1,0,0,0,1,0,0
0,1,0,1,1,0,0,0,0
0,0,0,0,0,0,1,0,1
0,0,1,0,0,1,0,0,1
1,0,0,0,0,0,0,0,0
1,1,0,0,0,1,1,1,0
0,0,0,0,0,0,0,0,0
1,0,0,0,1,0,0,0,0
1,1,0,1,0,0,1,1,0
0,0,0,1,0,1,1,1,0
0,0,0,1,0,0,0,0,0
1,0,0,1,0,1,0,0,0
0,1,0,0,0,0,0,0,0
0,0,0,1,0,0,0,0,0
1,0,0,0,0,0,0,1,0
0,1,0,1,0,1,0,1,0
1,1,0,0,0,0,0,0,1
0,0,0,0,0,0,0,0,1
0,0,1,0,0,0,1,0,0
0,0,0,0,0,0,1,0,0
0,1,0,0,0,0,1,0,0
0,0,0,1,0,1,1,1,0
0,0,0,0,1,1,0,1,0
1,0,0,0,1,0,0,0,1
1,1,0,0,1,0,0,1,0
1,1,0,0,0,0,0,0,0
0,0,1,0,1,1,0,0,0
1,0,0,0,1,0,0,0,1
0,1,0,0,0,0,1,0,0
0,1,1,0,0,1,0,0,0
1,1,0,0,0,1,1,0,0
0,0,0,1,0,0,1,1,1
0,0,1,0,1,0,0,0,1
0,0,0,0,1,0,1,0,1
0,0,0,0,0,0,1,1,1
0,1,1,1,0,0,1,0,0
0,1,1,0,0,1,0,0,0
0,1,1,0,0,0,0,1,1
1,0,0,0,1,1,1,0,0
1,0,0,0,0,1,0,1,0
1,0,1,0,1,0,1,1,0
1,0,0,0,0,0,0,0,0
0,0,0,0,1,0,1,1,0
0,0,1,0,0,1,0,0,1
0,0,1,0,1,0,0,0,0
0,0,1,0,1,1,0,1,1
1,0,0,0,0,1,1,0,0
0,0,0,0,1,0,1,0,0
0,1,1,0,0,0,1,0,1
1,0,0,1,0,0,0,0,0
1,1,0,0,0,1,1,0,1
0,0,1,0,0,1,0,0,0
0,0,0,0,0,0,1,0,0
0,1,0,0,1,0,1,0,0
1,1,0,1,0,1,1,0,1
0,0,1,0,0,0,0,0,0
0,0,0,0,0,0,1,1,0
0,0,0,0,1,0,0,0,1
0,1,0,1,1,0,0,1,0
1,1,1,1,0,1,0,0,1
0,1,0,0,0,1,1,1,0
0,1,0,0,0,0,1,0,0
0,1,0,0,1,0,1,1,0
1,0,1,0,0,0,0,1,0
0,1,1,1,0,1,1,1,0
0,1,0,0,0,0,1,1,1
0,0,0,0,1,0,0,1,0
1,1,0,0,1,0,0,0,1
0,0,0,1,0,0,0,0,0
0,1,0,0,1,0,0,1,0
0,0,0,1,0,1,0,0,0
0,1,0,1,0,1,0,0,1
1,0,1,1,1,1,1,0,1
1,1,0,0,1,0,1,0,0
0,0,0,0,0,0,0,0,1
0,0,0,0,0,1,1,0,0
0,0,0,0,0,0,0,0,1
0,0,1,1,0,0,1,0,1
1,0,0,1,0,0,1,0,0
0,0,1,1,1,0,1,1,0
1,0,0,0,1,1,0,1,0
1,0,1,0,1,1,0,0,0
0,1,0,0,0,0,1,0,1
1,0,0,1,1,0,0,0,0
1,0,0,0,0,0,1,1,0
0,0,1,0,1,1,0,0,1
0,0,0,0,1,0,0,1,1
0,0,1,0,0,0,0,0,0
0,0,1,0,1,0,1,1,0
1,1,1,0,0,0,1,0,0
0,1,0,0,0,0,0,1,0
1,0,0,0,0,0,0,0,0
1,0,0,0,1,0,0,0,0
0,0,0,1,0,0,0,0,0
1,0,0,0,1,0,0,1,1
0,0,0,0,0,0,1,1,0
0,1,1,1,0,0,0,0,0
1,0,0,1,0,0,0,0,0
0,1,0,0,1,1,0,0,0
1,0,0,1,1,1,0,0,0
0,1,0,0,1,1,0,0,0
0,0,0,0,1,1,1,0,0
0,1,0,0,0,1,1,0,0
0,0,0,0,0,1,0,1,1
1,1,0,0,0,0,1,0,0
0,0,0,0,0,0,0,0,0
0,1,0,0,0,0,0,0,1
1,0,0,1,0,0,0,1,1
1,0,1,0,0,1,0,0,0
0,1,0,1,1,1,0,0,0
0,1,1,0,0,0,1,0,1
1,1,1,0,0,1,0,1,0
1,0,1,0,0,0,1,0,0
0,0,1,0,0,0,0,0,0
1,1,0,1,0,0,1,0,0
0,1,0,0,0,0,1,0,1
0,0,0,0,0,0,0,0,0
0,1,0,0,0,1,1,1,1
0,1,0,1,0,0,0,0,0
0,1,1,0,1,1,0,1,1
0,0,0,0,0,1,0,0,0
0,0,0,0,0,0,0,0,0
0,0,0,1,1,1,1,0,0
0,0,0,0,0,1,0,0,1
0,0,0,0,0,0,0,0,0
0,1,1,0,0,1,1,0,1
1,0,1,1,0,0,0,0,1
1,0,1,0,0,1,0,1,0
0,0,1,1,0,1,0,0,1
1,0,1,1,0,0,0,1,0
0,1,0,0,0,1,1,0,0
0,0,0,0,0,0,0,1,0
1,0,0,0,0,1,1,1,0
0,0,0,0,0,0,0,0,0
1,1,0,0,0,0,0,0,0
0,0,0,0,0,0,1,0,0
0,1,1,0,1,1,0,0,0
1,1,0,1,0,0,0,0,0
0,0,0,0,0,0,0,0,1
0,0,0,1,1,1,0,0,1
0,0,0,1,0,1,0,0,1
1,0,0,0,0,0,0,0,1
0,0,0,0,0,0,1,0,0
1,0,1,1,0,0,1,0,0
0,1,1,0,1,0,0,1,1
1,1,0,1,1,0,0,0,1
0,1,0,1,1,1,0,0,1
0,1,1,0,0,0,0,1,0
0,0,0,1,0,0,0,1,0
1,1,0,0,0,1,0,0,1
1,0,1,0,0,0,0,0,0
0,0,0,0,1,0,1,1,0
1,0,0,0,0,0,1,0,1
0,1,1,0,0,1,0,0,1
0,0,1,0,0,0,0,0,0
0,0,1,1,0,0,1,0,0
0,0,1,1,1,0,0,0,1
0,0,1,0,1,0,0,1,1
0,0,1,0,1,1,1,1,0
1,1,0,1,0,1,0,0,0
0,0,1,1,0,0,0,0,0
0,1,1,0,1,1,0,0,1
0,1,0,1,0,0,0,0,0
0,0,0,1,0,0,1,1,1
0,0,0,0,0,0,0,1,0
0,0,0,0,0,0,0,0,0
1,1,0,1,1,0,0,0,1
0,0,1,0,1,0,0,0,0
1,0,1,0,1,0,1,1,1
1,1,0,0,0,0,0,0,0
1,1,0,1,0,0,0,0,1
0,0,1,0,0,1,0,0,1
0,0,1,0,1,0,0,0,1
1,0,0,1,1,0,0,0,0
0,0,1,0,1,0,1,0,0
1,1,0,0,0,0,0,0,0
0,1,1,0,0,1,0,0,0
0,0,0,0,0,1,0,0,0
0,0,0,1,0,0,0,0,0
1,0,0,1,0,0,0,0,0
0,1,1,1,0,0,1,0,0
1,0,0,1,0,0,0,0,1
0,0,0,0,0,0,0,1,1
1,0,0,1,1,0,0,1,0
0,0,1,0,1,0,1,1,0
1,0,1,0,1,1,0,1,0
0,0,1,1,1,1,0,0,1
1,1,0,0,0,0,0,1,0
1,0,0,0,0,0,1,0,0
1,0,1,0,0,1,0,0,0
0,0,0,1,0,1,1,0,0
0,1,0,0,0,1,0,1,0
1,0,0,0,0,0,0,0,0
0,1,1,0,1,1,0,0,0
0,0,0,0,1,0,0,0,0
0,0,1,0,1,0,0,0,0
0,1,0,0,0,1,1,0,1
0,0,1,0,1,0,0,0,0
0,0,1,0,1,1,0,0,0
0,0,1,1,1,0,0,0,0
1,0,1,0,0,1,0,1,0
1,0,0,1,0,0,0,0,0
0,0,0,1,0,0,0,0,0
0,1,0,0,0,0,1,0,0
0,1,0,0,0,0,0,0,1
1,0,0,0,0,0,0,1,0
1,0,0,1,0,0,0,0,0
0,0,1,1,0,0,1,1,1
0,1,0,0,0,0,0,1,0
1,0,1,0,0,0,0,0,1
0,1,0,1,0,0,0,1,1
0,0,0,0,0,0,1,0,0
1,1,0,0,0,0,0,0,1
0,0,0,0,0,0,0,0,1
1,0,1,0,0,0,0,0,0
0,1,0,1,0,1,0,0,0
0,0,1,1,1,0,0,0,0
0,1,0,0,0,0,0,0,0
1,0,0,0,0,1,1,1,0
0,1,1,0,0,0,1,1,0
1,0,0,0,1,0,0,0,1
1,0,0,0,0,0,0,1,0
0,0,0,0,0,0,0,0,0
0,0,1,0,0,0,1,1,0
0,0,0,0,0,0,1,0,1
0,0,0,1,0,1,0,0,0
0,0,0,1,0,0,0,0,1
0,0,1,1,1,1,0,0,1
0,0,0,0,1,0,0,1,0
0,1,0,1,0,0,0,0,0
0,0,1,0,0,1,0,1,1
0,0,0,0,0,0,0,0,1
0,1,1,0,0,0,0,1,0
1,0,1,0,1,1,0,1,1
0,0,0,0,0,1,0,0,1
0,0,0,0,0,0,1,0,0
0,1,0,0,0,1,0,0,0
1,0,1,1,1,0,1,0,0
0,0,0,0,0,0,0,0,0
1,0,1,1,0,0,1,1,0
0,0,0,1,0,0,0,1,1
0,0,1,0,0,0,0,0,1
0,0,0,0,0,0,1,0,1
0,0,1,0,0,0,0,0,0
0,1,1,0,1,0,0,0,0
1,0,0,0,0,1,0,0,1
1,1,0,0,0,0,1,1,0
0,0,0,0,0,0,0,0,0
0,0,1,0,1,1,1,0,0
0,1,0,1,1,1,0,0,0
0,1,0,1,1,0,0,1,0
1,0,1,0,1,0,0,0,0
0,0,0,1,1,0,1,0,1
0,1,0,0,0,1,1,0,0
0,0,0,0,1,1,0,0,1
0,1,0,1,0,1,0,0,0
0,0,1,0,0,1,0,1,0
1,1,0,0,1,0,0,0,0
0,0,0,0,0,0,0,1,0
0,1,0,1,0,1,1,1,0
0,1,0,0,0,0,1,0,1
1,1,0,1,0,0,1,0,0
0,1,1,0,1,0,0,0,0
0,0,0,0,0,0,0,0,0
1,1,1,0,0,1,0,0,0
1,0,0,0,0,0,0,0,0
1,0,0,0,1,0,0,0,0
0,0,0,0,1,0,0,0,1
0,0,1,0,0,0,0,0,1
0,0,1,0,1,0,0,1,0
1,1,1,0,1,0,0,1,0
0,1,1,0,1,0,0,0,0
1,0,0,0,0,0,1,1,0
1,0,1,1,0,1,0,1,0
1,0,0,0,1,1,0,0,0
1,0,0,0,1,0,0,0,0
1,0,0,0,0,0,0,0,1
1,1,0,1,0,0,0,0,0
0,0,0,0,1,0,1,1,1
0,0,0,0,1,0,1,0,1
0,0,0,1,0,0,0,1,0
0,1,1,0,0,1,0,1,0
1,0,0,1,0,0,1,0,1
1,0,0,1,0,0,1,0,0
1,0,0,0,1,0,1,0,0
0,0,1,1,0,0,0,1,0
1,1,1,0,0,0,1,0,0
0,0,0,1,0,0,0,0,1
1,0,0,1,0,0,0,1,0
1,0,1,0,0,1,0,1,0
0,0,0,1,1,0,0,0,0
0,0,0,0,1,1,1,0,0
0,0,0,1,0,0,0,0,1
0,0,1,0,1,0,1,0,0
0,0,0,0,0,1,0,1,0
0,1,0,0,0,1,1,0,1
0,0,1,0,0,0,0,1,0
0,1,0,0,0,0,0,0,1
1,1,0,0,0,0,1,0,0
1,0,0,1,0,0,0,0,1
0,1,0,0,1,0,1,1,0
0,1,0,1,1,0,0,1,1
0,0,1,1,1,0,0,0,0
0,1,0,0,0,0,0,0,1
1,0,1,1,1,0,0,1,1
0,0,0,0,0,0,1,0,0
0,0,0,0,1,0,0,0,0
0,1,1,0,0,0,0,0,0
1,0,0,0,0,0,1,1,0
1,0,0,1,0,0,0,1,1
1,0,0,0,1,1,0,0,1
0,0,1,0,0,1,0,0,0
0,1,0,0,0,0,0,0,0
1,0,0,0,0,0,0,0,1
0,1,0,1,1,0,0,1,0
0,0,0,0,0,0,0,0,0
0,0,0,1,0,1,0,1,0
0,0,0,1,0,0,0,0,1
1,1,1,1,0,1,1,1,0
0,0,1,1,0,0,0,1,0
0,1,0,1,1,0,0,1,1
0,1,1,1,1,1,0,0,1
1,1,0,0,0,1,1,1,0
1,0,0,0,0,1,0,0,1
0,0,0,1,0,0,1,0,0
1,0,0,1,1,0,0,1,0
0,0,0,1,1,0,0,0,0
0,0,0,1,0,0,1,1,0
0,1,1,1,0,0,1,1,0
1,0,0,0,1,0,0,0,0
1,0,0,0,1,0,0,1,0
0,0,1,1,1,0,0,1,1
0,0,0,0,1,1,0,1,1
0,0,0,0,0,0,0,0,1
1,1,0,1,1,1,0,1,0
0,0,1,0,0,0,0,0,1
0,0,0,0,0,1,1,0,0
1,1,0,0,0,1,0,0,0
1,0,1,0,1,0,0,0,0
0,0,0,0,1,0,1,0,0
0,1,0,1,0,0,0,0,0
1,1,1,0,1,0,0,0,1
0,0,0,0,1,1,0,0,1
1,0,0,0,1,0,0,0,1
0,1,1,0,1,0,1,0,1
0,0,0,0,0,0,1,0,0
0,0,0,1,1,0,1,0,0
1,0,1,1,0,0,0,1,0
0,0,1,1,0,0,0,1,0
0,0,0,0,0,1,0,0,0
1,0,0,1,1,0,0,0,1
1,0,0,0,0,0,0,0,1
1,0,0,0,0,1,0,0,0
0,0,0,0,1,1,0,0,0
0,0,1,0,1,0,0,0,0
0,1,0,1,0,0,0,0,0
0,0,1,0,1,0,0,1,1
0,0,1,1,1,0,1,0,1
1,0,0,0,1,0,0,1,0
0,0,1,0,0,0,0,0,1
0,1,0,0,1,0,0,1,1
1,0,1,1,0,1,1,0,1
0,0,0,0,0,0,0,1,0
1,0,0,1,0,0,0,1,0
1,0,0,1,0,1,0,0,1
1,0,1,0,0,0,0,0,1
0,0,0,0,0,0,0,0,0
0,0,1,1,1,0,0,0,0
1,0,0,0,0,0,1,1,1
1,0,1,1,0,0,1,1,0
0,1,0,0,0,1,1,1,0
0,0,1,0,0,0,1,0,0
1,1,1,0,0,1,1,1,0
0,0,0,1,0,0,0,0,0
0,1,1,0,0,1,0,0,1
0,1,0,1,0,0,0,0,0
0,0,0,0,0,1,0,0,1
0,0,0,1,0,1,0,0,0
1,0,0,1,0,0,0,0,1
0,1,1,1,0,0,0,0,0
0,0,1,1,0,0,0,0,1
1,0,1,0,0,1,0,1,0
0,0,0,1,0,0,0,1,0
0,0,1,0,0,0,0,0,1
1,0,0,1,1,0,1,0,1
1,0,1,0,0,1,0,0,0
0,0,0,0,0,0,0,1,1
1,0,1,0,1,0,0,0,1
0,1,0,0,0,0,1,0,0
0,0,0,0,1,0,1,0,1
0,0,0,1,1,0,0,1,0
1,0,0,0,0,0,0,1,0
0,0,0,0,0,0,1,0,0
0,1,1,0,1,0,0,0,0
0,0,1,0,1,0,1,0,1
0,0,0,1,0,0,0,1,1
0,0,0,0,1,0,0,0,0
1,0,0,0,0,0,0,0,0
0,0,1,0,0,0,1,0,0
0,0,1,0,1,0,0,1,0
0,0,1,0,0,0,1,0,0
0,0,1,1,0,0,0,0,1
0,0,0,0,0,1,0,0,0
1,0,0,0,0,1,0,0,0
0,0,0,0,0,1,0,0,1
0,0,0,0,1,1,0,1,1
1,1,0,0,0,1,0,1,0
0,0,0,0,0,1,1,1,0
1,0,0,0,0,0,1,1,0
0,0,0,1,0,1,0,0,1
1,0,1,1,0,0,1,0,1
0,1,0,0,0,0,1,0,1
0,0,0,1,0,0,1,0,1
0,0,0,0,0,0,0,1,0
0,1,0,0,1,0,0,0,0
0,1,1,0,0,0,0,0,0
0,0,1,1,1,1,0,0,0
0,0,0,1,0,0,0,0,0
0,0,1,1,1,0,0,0,1
0,1,1,1,1,1,0,0,1
0,0,0,0,0,0,0,0,0
1,0,1,1,0,0,0,1,1
1,0,0,1,1,0,0,0,0
0,0,0,1,1,0,1,1,0
0,0,0,0,0,1,0,0,0
0,1,0,0,0,0,0,1,0
0,0,0,0,0,0,0,0,1
0,1,0,0,1,0,1,0,1
1,0,0,1,0,0,1,0,0
1,0,0,0,0,1,1,1,0
0,0,0,0,0,1,0,0,1
0,1,0,0,1,0,1,0,1
1,1,0,1,1,0,1,1,1
0,1,0,1,0,1,0,0,0
0,0,0,0,0,0,0,0,0
0,1,0,1,0,1,0,0,1
0,1,0,0,1,1,0,1,0
0,1,0,0,0,0,0,0,0
0,1,0,1,1,1,1,1,1
0,0,1,1,0,0,0,1,0
0,1,0,0,0,0,1,0,0
1,0,0,0,1,0,1,0,1
1,0,1,0,0,0,0,1,1
1,0,0,1,0,0,0,0,1
0,0,0,1,0,0,0,1,0
1,1,1,0,1,0,1,0,1
0,0,1,0,1,0,0,1,1
0,0,0,0,0,0,0,0,0
0,0,0,1,0,0,0,1,0
1,1,0,1,0,1,0,0,0
0,0,0,0,0,0,1,0,0
0,1,0,0,0,0,0,1,1
1,1,0,0,0,1,0,0,0
1,1,0,1,0,0,0,1,0
0,0,1,0,0,0,0,1,1
1,0,0,0,0,0,0,1,0
1,0,1,0,1,0,1,0,0
0,0,0,0,0,0,0,1,0
0,0,0,1,0,1,1,0,0
1,0,1,1,0,0,0,0,0
0,1,0,1,0,0,0,1,1
0,0,1,0,1,1,0,1,1
1,0,0,1,0,1,0,1,1
1,0,1,0,0,1,1,0,1
0,0,0,0,0,1,0,1,1
0,0,0,0,0,1,1,0,1
0,1,1,0,0,0,1,0,0
1,1,0,0,0,0,0,0,1
0,0,1,1,0,0,0,1,1
1,0,0,0,1,1,0,1,0
0,0,0,0,1,0,0,1,0
0,0,0,0,0,0,0,1,1
1,0,1,0,0,0,1,0,1
1,1,0,1,1,1,1,0,0
1,0,0,0,0,0,1,0,0
0,1,0,0,0,0,1,0,1
0,0,1,0,0,1,0,0,1
0,0,1,0,0,0,0,0,1
0,0,0,1,1,0,0,0,0
0,0,0,0,1,0,0,0,0
0,0,0,0,1,1,0,0,0
1,1,0,0,0,0,1,1,1
0,0,0,0,0,0,0,1,0
0,0,0,0,0,0,0,0,0
0,0,0,1,1,0,0,1,0
0,1,0,0,0,0,0,0,0
0,0,0,1,0,0,0,0,0
1,0,0,0,0,0,0,0,0
0,1,1,0,0,0,0,1,0
0,1,0,1,1,0,0,0,0
0,1,0,1,0,1,0,0,1
0,1,1,1,0,0,0,0,0
1,0,1,0,1,0,1,1,0
1,1,0,0,0,0,0,0,1
0,1,0,0,1,1,0,1,0
0,0,0,0,0,1,0,0,1
0,1,0,0,0,0,0,0,0
1,1,0,0,1,1,0,0,0
1,1,0,0,0,1,1,0,1
0,1,1,0,1,0,1,0,0
0,0,0,0,0,0,0,0,0
1,0,1,0,1,1,0,0,0
0,1,0,0,1,0,1,1,0
0,1,0,0,0,0,0,0,1
0,0,0,1,1,0,0,0,0
1,0,0,1,1,0,1,1,0
1,1,1,0,0,0,0,0,0
0,0,0,1,1,0,0,0,0
0,0,0,1,0,0,0,0,0
1,0,0,0,0,1,0,0,0
0,1,0,1,1,0,0,0,0
0,1,0,1,1,0,1,0,0
1,1,0,1,0,0,1,0,1
1,1,0,0,0,0,1,0,0
0,1,0,0,0,1,0,0,0
1,0,0,0,1,0,0,1,1
1,1,0,0,1,0,0,0,0
0,1,0,1,1,1,1,0,0
0,0,1,0,1,0,1,1,1
0,0,0,0,0,1,0,0,1
1,0,0,1,0,1,0,0,0
0,1,0,1,0,0,0,0,1
0,0,0,0,0,1,0,0,1
0,0,0,1,0,0,1,0,0
1,0,0,1,1,0,1,1,1
0,0,0,1,0,0,0,0,1
0,0,0,0,0,0,0,0,1
0,0,0,0,1,0,0,1,0
0,1,0,0,0,0,0,0,0
0,1,1,0,0,0,0,1,1
0,0,1,0,0,0,0,1,0
0,0,1,0,1,1,0,0,0
0,0,0,1,0,0,0,0,0
0,0,0,0,1,1,0,0,1
0,1,0,0,0,1,1,0,0
0,0,0,1,1,0,0,1,0
0,1,0,0,0,0,0,0,1
1,0,1,0,0,1,0,1,0
0,0,0,0,0,0,0,1,0
0,1,0,0,1,0,0,0,0
1,0,0,1,0,1,1,0,1
1,0,1,0,1,0,0,0,0
1,0,1,0,0,1,1,0,0
1,0,1,0,0,1,0,0,0
0,0,0,0,0,1,1,0,0
1,0,1,0,1,1,1,0,1
0,1,0,0,1,0,0,0,0
0,0,1,1,0,0,1,0,0
1,1,0,0,1,0,0,0,0
0,0,0,1,0,0,0,0,0
0,1,0,0,0,1,1,1,1
0,1,1,0,1,1,0,1,1
0,1,0,0,1,0,0,0,0
0,0,0,1,1,0,0,0,0
0,1,0,0,0,0,0,1,1
0,0,0,0,0,1,0,0,0
0,0,1,0,1,0,1,0,0
1,0,0,0,1,1,0,0,0
0,1,0,0,0,0,1,1,0
0,0,0,0,0,0,1,1,0
0,0,0,0,0,0,1,0,1
0,1,0,1,0,0,0,0,0
0,1,0,0,1,0,1,0,1
0,1,1,0,0,0,0,1,1
0,0,1,0,0,1,0,0,1
0,0,1,0,0,0,1,0,0
0,0,0,0,1,0,0,0,0
1,0,1,0,0,1,1,0,1
1,0,0,0,0,1,0,1,0
0,0,1,0,0,1,1,0,0
0,1,1,0,1,0,0,0,0
0,0,1,1,1,0,1,0,0
0,1,0,0,0,1,0,0,0
0,1,0,0,1,0,1,0,0
0,0,1,1,0,1,0,1,0
0,0,0,0,0,0,1,0,0
0,0,0,0,0,0,0,1,0
0,1,0,1,0,1,0,0,0
0,0,0,0,1,0,0,0,1
0,1,0,0,1,1,0,0,0
1,0,1,0,1,0,1,1,1
1,0,0,1,1,0,0,0,1
1,1,1,0,0,1,1,0,0
0,0,1,0,1,0,0,1,0
0,1,0,0,0,0,0,0,0
1,0,0,0,0,0,0,0,0
0,0,0,0,0,0,0,0,0
1,0,0,0,0,0,1,0,0
0,1,0,0,1,1,0,0,0
1,0,1,0,1,0,0,0,1
0,1,0,1,0,0,0,0,0
0,0,0,1,1,0,1,0,0
1,0,1,0,0,0,1,1,1
0,0,0,1,0,0,0,0,1
0,0,1,0,1,0,1,0,0
1,1,0,1,1,0,1,0,0
0,0,0,0,0,0,0,1,1
0,0,0,1,0,0,0,0,0
1,0,0,1,1,0,0,0,0
0,1,0,0,1,0,0,0,0
0,0,0,0,0,0,1,0,0
0,0,1,0,1,0,0,1,0
1,1,0,0,0,0,1,0,0
0,1,1,1,1,1,1,0,0
0,0,0,1,1,0,1,0,0
1,0,0,1,0,0,0,0,1
0,1,0,1,0,1,0,0,1
0,0,1,0,1,1,0,0,1
1,1,0,0,1,1,0,1,0
0,1,0,1,1,1,0,0,0
0,0,0,0,1,0,1,0,1
0,0,1,1,0,0,1,1,0
0,1,1,0,1,1,0,1,1
0,0,0,0,1,1,0,1,0
0,0,1,0,0,0,0,1,0
0,0,0,0,0,0,0,0,0
1,1,0,0,1,0,0,0,1
0,0,0,0,0,0,0,1,0
0,0,1,0,1,0,0,0,1
1,0,1,0,0,0,0,0,1
1,1,0,1,0,0,0,0,1
0,0,0,0,0,0,0,1,0
0,0,0,0,0,0,0,0,0
0,0,0,0,0,1,1,1,1
0,0,0,1,1,0,1,1,0
1,0,0,1,0,0,0,1,1
0,0,0,1,0,0,0,0,1
1,0,0,0,0,0,0,0,0
1,1,0,1,0,0,0,0,1
0,0,0,0,0,1,0,0,1
0,0,0,1,1,0,1,1,1
1,0,0,0,0,1,0,0,1
